<?xml version="1.0" encoding="UTF-8"?>
<metadata xml:lang="en"><Esri><CreaDate>20141024</CreaDate><CreaTime>12514000</CreaTime><ArcGISFormat>1.0</ArcGISFormat><SyncOnce>TRUE</SyncOnce><DataProperties><lineage><Process ToolSource="c:\program files (x86)\arcgis\desktop10.1\ArcToolbox\Toolboxes\Conversion Tools.tbx\PolygonToRaster" Date="20141024" Time="125140">PolygonToRaster Mapa_final_AreaLobo GRIDCODE F:\data\zhu\mapeamento_guapiara_2014_pronto_v02\Mapa_final_AreaLobo_raster.tif CELL_CENTER NONE 5</Process></lineage></DataProperties></Esri></metadata>
